-- SQLite
CREATE TABLE DEPARTMENT
(
  DEPARTMENT_ID TEXT NOT NULL,
  NAME          TEXT NOT NULL,
  PRIMARY KEY (DEPARTMENT_ID)
);

CREATE TABLE MEMBER
(
  MEMBER_ID     TEXT        NOT NULL,
  NAME          TEXT(65535) NOT NULL,
  AGE           INT         NOT NULL,
  ADDRESS       CHAR(50)    NULL    ,
  SALARY        INT         NULL    ,
  DEPARTMENT_ID TEXT        NOT NULL,
  PRIMARY KEY (MEMBER_ID),
  CONSTRAINT FK_DEPARTMENT_TO_MEMBER
    FOREIGN KEY (DEPARTMENT_ID)
    REFERENCES DEPARTMENT (DEPARTMENT_ID)
);

CREATE TABLE HOBBY
(
  HOBBY_ID TEXT NOT NULL,
  NAME     TEXT NOT NULL,
  PRIMARY KEY (HOBBY_ID)
);

CREATE TABLE MEMBER_HOBBY
(
  MEMBER_ID TEXT NOT NULL,
  HOBBY_ID  TEXT NOT NULL,  
  CONSTRAINT FK_MEMBER_TO_MEMBER_HOBBY
    FOREIGN KEY (MEMBER_ID)
    REFERENCES MEMBER (MEMBER_ID),
    CONSTRAINT FK_HOBBY_TO_MEMBER_HOBBY
    FOREIGN KEY (HOBBY_ID)
    REFERENCES HOBBY (HOBBY_ID)
);

drop table MEMBER

insert into DEPARTMENT(DEPARTMENT_ID, NAME)
Values(1, 'IT Billing');
insert into DEPARTMENT(DEPARTMENT_ID, NAME)
Values(2, 'engineering');

insert into MEMBER(MEMBER_ID, NAME, AGE, ADDRESS, SALARY, DEPARTMENT_ID)
Values(1, 'Paul', 32, 'California', 20000.00, '1');
insert into MEMBER(MEMBER_ID, NAME, AGE, ADDRESS, SALARY, DEPARTMENT_ID)
Values(2, 'Allen', 25, 'Texas', 15000.00, '2');
insert into MEMBER(MEMBER_ID, NAME, AGE, ADDRESS, SALARY, DEPARTMENT_ID)
Values(3, 'Teddy', 23, 'Norway', 20000.00, '1');
insert into MEMBER(MEMBER_ID, NAME, AGE, ADDRESS, SALARY, DEPARTMENT_ID)
Values(4, 'James', 44, 'Norway', 50000.00, '1');

insert into hobby(HOBBY_ID, NAME)
Values(1, 'Walk');
insert into hobby(HOBBY_ID, NAME)
Values(2, 'Read');
insert into hobby(HOBBY_ID, NAME)
Values(3, 'Climbing');

insert into MEMBER_HOBBY(MEMBER_ID, HOBBY_ID)
Values(1, 1);
insert into MEMBER_HOBBY(MEMBER_ID, HOBBY_ID)
Values(1, 3);
insert into MEMBER_HOBBY(MEMBER_ID, HOBBY_ID)
Values(1, 2);
insert into MEMBER_HOBBY(MEMBER_ID, HOBBY_ID)
Values(2, 1);
insert into MEMBER_HOBBY(MEMBER_ID, HOBBY_ID)
Values(2, 2);
insert into MEMBER_HOBBY(MEMBER_ID, HOBBY_ID)
Values(3, 3);
insert into MEMBER_HOBBY(MEMBER_ID, HOBBY_ID)
Values(3, 2);
insert into MEMBER_HOBBY(MEMBER_ID, HOBBY_ID)
Values(4, 1);

select * from MEMBER;
select * from hobby;
select * from MEMBER_HOBBY;
select * from DEPARTMENT;

select MEMBER.NAME, DEPARTMENT.NAME from MEMBER, DEPARTMENT
where MEMBER.DEPARTMENT_ID = DEPARTMENT.DEPARTMENT_ID;